"","FormerLine","NewLine"
"1",3.01228205518953,2.86885928511099
"2",3.05066619858612,2.93846327305926
"3",3.04759765300326,2.862863407432
"4",2.99007276597952,2.8578776312881
"5",2.93144293394123,2.91395297053889
"6",3.07492984769502,2.91814888815457
"7",3.02001198500296,2.89608023602232
"8",3.01623982007891,2.89586359024089
"9",2.99959801430562,2.9145008634095
"10",3.01530325268859,2.92797437910864
"11",2.99506872504691,2.86818889701146
"12",3.01262083929764,2.92608994153279
"13",2.98799259768067,2.90392023467395
"14",2.95889376367358,2.89321313109029
"15",3.02963514802365,2.92530288280288
"16",3.04559235076499,2.91879547370147
"17",2.99073778292323,2.92555904971872
"18",2.96240130733177,2.8941767971273
"19",3.01926723917033,2.91552344899363
"20",2.99865872589318,2.90591451266422
"21",2.94800344779526,2.88965600890437
"22",3.00006395579041,2.93514466048679
"23",2.98109098998216,2.9032345363771
"24",2.98977094260419,2.89890631248324
"25",2.96530282912092,2.91057943201338
"26",3.05409425723752,2.90779469042511
"27",2.99006603890826,2.88588457170313
"28",2.95183459763241,2.89893643049815
"29",3.00591580316218,2.95212888977571
"30",3.00789526939216,2.89854813790433
"31",2.97042519898772,2.89407456217139
"32",2.91333237984961,2.91468660672124
"33",2.98078554892305,2.90802961492873
"34",3.01711522907761,2.88923397847921
"35",2.99820830171872,2.87834554378166
"36",2.99705463767984,2.91695602815008
"37",3.0168246218586,2.90237690030014
"38",2.96440624084262,2.90964494445552
"39",3.03290331132823,2.89417350390552
"40",2.99983967915166,2.86695779457045
"41",3.02121932002194,2.90138189196552
"42",3.03102323204212,2.94781153399924
"43",3.00670441244746,2.87076456627398
"44",2.97363877161402,2.88030387414505
"45",3.03488893667902,2.87327892510994
"46",2.93999505165644,2.89269736776534
"47",2.98365627779995,2.92762908495959
"48",2.99232987872529,2.89693365488492
"49",2.99501636889705,2.8948885673152
"50",3.03061391726352,2.87422745792806
"51",3.00408665679308,2.90130532834001
"52",3.01221502810272,2.92070652842842
"53",2.99791035560961,2.9452043158372
"54",2.99257006975142,2.92629392550631
"55",3.02086652419859,2.88259953308626
"56",3.03438685071647,2.8899373992923
"57",2.92790711355324,2.91214911110512
"58",3.01718218665738,2.89979917167491
"59",3.01124173220336,2.90550660599238
"60",2.98724196835332,2.87375402433257
"61",3.0285303842273,2.89146940265313
"62",2.98832288454845,2.8814719150464
"63",2.99147008014601,2.88142884150778
"64",3.02572229334239,2.88562198795556
"65",3.05158881897362,2.89170418860964
"66",3.00810164702812,2.89988664213719
"67",2.98733447970637,2.9126689783899
"68",2.96432660115421,2.88981638452688
"69",2.99006901063363,2.88285982761343
"70",2.9718051202047,2.93232335153626
"71",2.99223202250644,2.91987732813677
"72",3.01183137504665,2.91393691718812
"73",2.97444428723928,2.93399941345931
"74",3.07947500643285,2.88044516109475
"75",3.00468035026995,2.94097635163919
"76",3.03390621802365,2.92452898648321
"77",2.9313262806048,2.90614046023955
"78",3.02223003471586,2.91248665967853
"79",2.96051264518645,2.90122682884902
"80",3.02759411032827,2.89778348417142
"81",3.01194390466356,2.86847532879861
"82",2.98777414262191,2.91485179691637
"83",3.03972775890532,2.94284646796211
"84",2.97896304992259,2.94179545913346
"85",2.98258157087278,2.90339588654255
"86",2.96996783456924,2.89784244422158
"87",2.9799546417974,2.90363988989159
"88",3.02835554860119,2.92291856356649
"89",3.01301106448636,2.92954597645205
"90",3.03015477653031,2.90815888305068
"91",2.98829644007839,2.92228557470428
"92",3.01129110875324,2.89945848312013
"93",3.0073249477346,2.90995444406695
"94",2.95721227972852,2.9237128002727
"95",3.05335287862426,2.97279147253481
"96",3.00403342982801,2.89891994808812
"97",3.02296796997474,2.88663705366227
"98",3.02865410030727,2.90891615914831
"99",2.99848302895673,2.89188349507272
"100",2.99082553740699,2.91270566289043
"101",3.02681021107277,2.90682496798269
"102",2.96858105552816,2.92632334326079
"103",3.05914012158672,2.88080447032677
"104",2.98849103681135,2.87588849577238
"105",3.04962435906825,2.93135146116429
"106",3.04536638081852,2.90450571599582
"107",3.00248897200758,2.88155178685119
"108",3.01701662744554,2.87852455179196
"109",2.96926354561397,2.88895283428875
"110",3.00969019509067,2.91180922802274
"111",3.03130837375069,2.8894544917855
"112",3.00297235460692,2.92683692327528
"113",2.98637589272537,2.90487689256973
"114",2.98032654442649,2.90391761578789
"115",2.99892232732132,2.89968960542748
"116",3.0320748438203,2.89404845343696
"117",2.98548075209096,2.89664641705877
"118",2.99636969666018,2.92312957159873
"119",2.96117579988537,2.87322471981565
"120",3.01482938508045,2.92173537550516
"121",3.03923704560342,2.89298631606601
"122",3.04491123028208,2.91469446489102
"123",3.02444108192692,2.89883171032432
"124",2.94390633629392,2.87308374191494
"125",3.01446088512371,2.90693810538556
"126",3.01368406809904,2.88723190706032
"127",2.9893979914251,2.92248784709037
"128",3.00511468412844,2.8834453393837
"129",2.97407892137619,2.86424439724969
"130",3.02037692322047,2.88291979994871
"131",2.99018696956041,2.88855954555287
"132",2.95292753444568,2.88348138642582
"133",2.98897647731489,2.89524831811907
"134",3.0409330478721,2.88809347007785
"135",2.98997155905806,2.89178515610481
"136",3.02198250126627,2.90655982876817
"137",3.02839756920593,2.87672706776621
"138",3.00013196112979,2.91520355330045
"139",2.9894303308335,2.89994888327899
"140",2.984109134726,2.8992354445817
"141",3.02218767676724,2.8592752516004
"142",2.96809627753552,2.89397541841127
"143",3.00738632530609,2.88888707791137
"144",2.99131501900307,2.91694590831431
"145",2.93205331930536,2.92781641022085
"146",2.9577344863178,2.924624924305
"147",3.02748057986378,2.87773325075696
"148",2.99426163148394,2.88407892214673
"149",3.02409849648401,2.89820960245707
"150",3.05662423389926,2.87880686224277
"151",3.04421643543327,2.8679137561204
"152",3.02031805476939,2.9158270133205
"153",3.011398880597,2.90136313056118
"154",2.99421604720628,2.91228791999456
"155",3.04733675384713,2.87593864494346
"156",3.01788702327955,2.89319090329279
"157",2.96479269177386,2.87657502731154
"158",2.99533072395329,2.8834117046473
"159",2.9424327053919,2.9045842408361
"160",2.99414223461668,2.88370014163435
"161",2.92223016990162,2.88013108970773
"162",3.03942006501594,2.87387663081982
"163",2.98093370996904,2.87131556456984
"164",2.98710063483917,2.88274304133527
"165",2.99492045003094,2.93407598407628
"166",3.01836654521967,2.88688734807052
"167",3.02035020531668,2.87773662748748
"168",3.01703855917415,2.87188989107263
"169",2.98282372188222,2.89698712626425
"170",2.95910126231165,2.89211986175142
"171",2.98833833266986,2.90504138639496
"172",3.00833742397352,2.89434587124536
"173",2.97530756635284,2.91735335225068
"174",2.99793477196565,2.91440182242575
"175",2.96497013021611,2.92112139202817
"176",2.99975072957353,2.90487004120757
"177",3.00386566204792,2.92228725324143
"178",2.99562373114617,2.8984689457255
"179",2.99508267129792,2.91865850107901
"180",3.05290656008355,2.89684036522662
"181",3.02287759537255,2.88636980970395
"182",3.03334293242192,2.8755979781715
"183",2.9723037914151,2.88582174016751
"184",3.00493025515284,2.88502640804317
"185",3.03464475561292,2.91152155052293
"186",2.99830435726421,2.89895801072138
"187",2.93611918055296,2.88739325652809
"188",3.01034537286298,2.88203327868978
"189",2.94285133663243,2.93025371751035
"190",2.97566489540579,2.89526501414491
"191",3.03972012963899,2.87502393156807
"192",3.01846910547908,2.89139981327229
"193",3.03275006866606,2.90186598872935
"194",3.00919814584541,2.91666082177421
"195",2.99669523712551,2.89830135043762
"196",2.97227061680618,2.90223706078025
"197",3.04778741261158,2.87921128114302
"198",3.00135031794366,2.91592845627042
"199",2.97854614797996,2.90199806752316
"200",3.02595669299151,2.91473919506382
"201",3.03223322874834,2.93093762668833
"202",3.05686964322596,2.90357841943727
"203",2.98191008089185,2.89434906816714
"204",2.98827396537831,2.8846540244285
"205",2.98751333905409,2.88847191519514
"206",2.98873027731539,2.88170288319998
"207",2.98900107162893,2.90739821922575
"208",2.99112967641897,2.87064631273397
"209",3.043254612306,2.86509276043184
"210",2.97907385124261,2.88665236392157
"211",2.98835497482236,2.92168558012964
"212",3.01957609356515,2.90245663282864
"213",3.03374317339605,2.89011501210494
"214",2.97683667590928,2.91339176367829
"215",2.98475741351585,2.8929704229333
"216",3.01570861771494,2.89770039198238
"217",3.03053262679614,2.90145973883603
"218",2.99246506235736,2.92177549225106
"219",2.95710019657834,2.92585137476931
"220",3.05127363096303,2.92565022588198
"221",3.04305208716935,2.91958112236589
"222",2.9786888656245,2.90658939566858
"223",2.99804797279033,2.93759271435467
"224",2.94721593793902,2.94085798062103
"225",3.01709168915457,2.9265715274524
"226",3.04837040394605,2.89560662712527
"227",2.95088158058686,2.87919905136897
"228",2.97661294460395,2.90385899565418
"229",2.98076469198748,2.88889527496241
"230",2.97956605819287,2.90549981779703
"231",2.93900143213146,2.88898973189828
"232",3.01502890677744,2.91842519786187
"233",2.95404605580103,2.94378911984745
"234",2.99925007082165,2.91927989580165
"235",3.01778954163076,2.91483636952545
"236",2.99405413735546,2.90074713129919
"237",3.02676025177421,2.94361667372469
"238",2.99922854787246,2.89840829592985
"239",2.98057018648243,2.92752590057647
"240",3.01939078245104,2.93150633353581
"241",2.98698501779911,2.90320753956816
"242",3.05317833554935,2.83493559854194
"243",2.99945220866511,2.89340139025373
"244",3.02558444980802,2.90914179651325
"245",3.00615488709732,2.87391792485131
"246",2.90975854203239,2.8741765312231
"247",2.95901664206013,2.91812759463337
"248",2.98727693219566,2.84408077009578
"249",3.00710410991237,2.90467121142641
"250",2.92971830638923,2.89461928122702
"251",3.02885089900142,2.88682909889966
"252",2.98186722798437,2.90126691586141
"253",2.97741368161911,2.9010895367813
"254",2.95333165222367,2.90494018646873
"255",2.95638318785997,2.90248071095812
"256",3.00168995508163,2.88929486600785
"257",3.01528108220022,2.90516965182772
"258",2.93706351120647,2.92775417735915
"259",2.96986914061652,2.91334340892599
"260",3.01607315166758,2.92994098904161
"261",2.9864088874605,2.89450239193113
"262",3.06496105505452,2.91166151686741
"263",3.03737240018244,2.91006717052564
"264",3.01786494102209,2.8851350463605
"265",3.00014653348615,2.88366244829092
"266",3.00838082346166,2.93740567362124
"267",2.97882281624197,2.88345493911907
"268",3.01884051458872,2.91901425387169
"269",3.04440641880257,2.89467655297879
"270",3.0325028973025,2.87801835636607
"271",2.97560267230008,2.86931564913853
"272",2.95143369452329,2.87587380280732
"273",2.99671032901535,2.86099949454281
"274",3.01322668112751,2.88231919940736
"275",3.04052981939426,2.91946811970403
"276",2.96044171546399,2.88838057368329
"277",3.01093153777822,2.93473534763024
"278",3.00700499505266,2.89654649363694
"279",3.03581865783777,2.88124014936502
"280",2.99916270083611,2.89430812680414
"281",2.98928103436487,2.88821963796666
"282",2.96559557591645,2.89112137147942
"283",2.98447738549219,2.90119993146938
"284",2.98913628682265,2.9016446589773
"285",3.07051662977367,2.91516795047374
"286",3.073395941271,2.91079325981807
"287",2.99499890161547,2.91553295293065
"288",2.96868997682814,2.90264343329349
"289",2.94081195197776,2.88386269400418
"290",3.01544014900314,2.90898700171573
"291",2.96728279248795,2.90825282913666
"292",3.06853977976633,2.89192771901776
"293",2.97343147282026,2.89223823445045
"294",3.00333319289237,2.92190375495681
"295",3.11430830042132,2.92680960086106
"296",2.9667327000617,2.90228811093351
"297",3.00922699873264,2.89215470759437
"298",2.96679316583324,2.93304715686395
"299",3.01042960946466,2.87512604782451
"300",2.97380206394814,2.88176148258441
"301",3.00231909368211,2.91700086943788
"302",2.9910939407353,2.88149374009801
"303",2.96450273278702,2.91787162428882
"304",3.00033878065272,2.88117980524376
"305",3.02974803108178,2.91077904188203
"306",3.04781902361711,2.89636051203789
"307",2.95881866187213,2.9178353518993
"308",2.99251167200873,2.9265841641047
"309",3.03478273580567,2.89793067749587
"310",2.96657332956469,2.91230129221445
"311",2.92414497933449,2.86400455209328
"312",2.9719229232446,2.89474589716714
"313",2.97098281626193,2.87579716246243
"314",3.00142465776983,2.90408954505102
"315",2.98788789619506,2.89972011790976
"316",3.00694488384734,2.89529598320362
"317",2.9873288277622,2.89623362691524
"318",3.01122355184086,2.91902566137681
"319",2.98901982675009,2.89691970428053
"320",3.03570304339563,2.93708489009504
"321",2.97788017424228,2.86191665291221
"322",3.00871999936318,2.90718599403801
"323",2.97345451295147,2.94229069892419
"324",3.00624019436612,2.87728502026314
"325",2.99856809482564,2.88407488028431
"326",2.94946438061584,2.89204861099698
"327",2.99567320330143,2.90183448083091
"328",3.03540640996508,2.89522611851729
"329",3.02044199769599,2.89076075272601
"330",3.00429742892663,2.93852681214699
"331",2.96423050668861,2.90244109629645
"332",3.03507685958367,2.92184101153013
"333",3.00237605126836,2.84055485049105
"334",2.98644678741694,2.92256978101931
"335",3.04926084638402,2.92624000258027
"336",2.97691223035201,2.8903478405387
"337",3.00910082882274,2.89550282006692
"338",3.0384521226355,2.93335530621759
"339",3.01806668385511,2.90082437064633
"340",2.9907893320639,2.92076349691103
"341",2.98744745689732,2.91175285866685
"342",3.01065406590138,2.89683400845709
"343",3.01540443343799,2.89415829170217
"344",3.00055822200986,2.87160202073322
"345",3.0395534691677,2.85723363949583
"346",2.99802504000486,2.89954999790195
"347",2.97899111765047,2.9053954190725
"348",3.01611978394564,2.88994061201938
"349",2.93394653032938,2.91261614780735
"350",3.01175921231395,2.90949130416833
"351",3.01490882857271,2.89318681876847
"352",2.9932537585371,2.90099203119044
"353",2.96648570504004,2.9259052638172
"354",2.98815016190058,2.90629248409917
"355",3.04649491026709,2.91603145007405
"356",2.97769456560604,2.90972117792465
"357",2.93004863646811,2.93451122113302
"358",3.02436736326628,2.90204865721502
"359",2.98496068028396,2.88020325850121
"360",2.98467340302143,2.89079117582002
"361",2.96353907876535,2.90475322983943
"362",2.99932324114958,2.89461205471658
"363",3.02103717901289,2.89660891860687
"364",2.98237553923231,2.91329737946533
"365",2.98179816175744,2.88448898169589
"366",3.03289920645001,2.86161477737941
"367",2.99257470968759,2.94038665079267
"368",2.9952029486003,2.90870421029738
"369",2.98122665247795,2.9210033766431
"370",3.02701303906801,2.89375770318699
"371",2.97017419112201,2.90187235234609
"372",3.02547751157641,2.85693624498827
"373",3.02417106866929,2.90715986142053
"374",2.98597197192026,2.90935729622659
"375",3.0254526094117,2.88186622330247
"376",3.02960309590788,2.88941300168946
"377",3.01726860865558,2.9268715343371
"378",3.06074526136255,2.90938868113247
"379",2.94112940426325,2.89493789824499
"380",2.96505237208087,2.90738207430657
"381",2.95870442358807,2.87306585619098
"382",3.00503039803409,2.92343870851241
"383",3.04753887237479,2.86182527310147
"384",3.05033666858929,2.87991218378752
"385",3.01464890095185,2.91353375027318
"386",3.02636019787681,2.92304643488434
"387",2.9956537537791,2.86534480164873
"388",3.01406915280223,2.91202617713172
"389",3.01128706431388,2.90683300628149
"390",2.97716879174831,2.89929437981869
"391",2.99120115198747,2.88747669960409
"392",2.99595476206777,2.88288057580508
"393",3.04181537448519,2.90303555683948
"394",2.96889033930905,2.92412745387692
"395",2.93656994556589,2.87022844233595
"396",3.02304834654613,2.87899251753862
"397",2.9755151813774,2.93275748233817
"398",2.98691679230518,2.87585331637593
"399",3.02714115093848,2.84747689830794
"400",2.97710741206355,2.90034926532302
"401",2.98976799061087,2.90688388054737
"402",3.04507273602704,2.90025439674664
"403",3.01584923136949,2.88253099733622
"404",3.01626574066393,2.90685600568682
"405",2.99589979932846,2.89645224491435
"406",2.96589798440092,2.91842866509181
"407",2.95510118536933,2.90601888804419
"408",2.9932984306933,2.9138677350542
"409",3.06005157683319,2.90650943812558
"410",3.00665111448641,2.90816102045458
"411",3.00493118727739,2.91519684511782
"412",3.0099787082655,2.85425692959099
"413",2.98844376002726,2.91035676523177
"414",2.95803737920326,2.87305527483428
"415",3.08027222387555,2.90726319717737
"416",2.98728941733954,2.92629505129317
"417",2.99104195464201,2.89103388178184
"418",2.94622974819441,2.88383671063482
"419",2.99255975324796,2.89827463001921
"420",2.99258088244876,2.93170848545042
"421",2.99233468864421,2.90202114896373
"422",2.94639185699722,2.90297524423306
"423",3.05353988448074,2.88907130663712
"424",3.05290759043238,2.88944648825472
"425",3.02068800665802,2.89720256881016
"426",2.96697778066728,2.868211771711
"427",3.02143528070693,2.92468208331375
"428",2.99260589049198,2.89329090303336
"429",2.99040641502218,2.8599799498638
"430",3.04087932878864,2.89965083194523
"431",2.96316352230052,2.89518066208313
"432",2.98466342301749,2.86416021202155
"433",2.97806415002805,2.94099383022454
"434",3.0005925602063,2.87765564776978
"435",2.9528140825587,2.87292900910365
"436",2.97890000190515,2.90902604622062
"437",3.02147796266723,2.92066454849701
"438",3.01395644719269,2.89608228609772
"439",2.97078293080787,2.90454620773561
"440",3.01677653191405,2.87795600500025
"441",2.92702080763783,2.91910554737083
"442",2.98978545219894,2.90625660891825
"443",3.02139099584551,2.90202011426398
"444",2.98022887840533,2.9149623082858
"445",2.99890792132301,2.91997921789587
"446",2.95220141095419,2.88534969381974
"447",3.02543378391743,2.90961790480222
"448",2.94448833454018,2.88021099383485
"449",2.99029048104929,2.94459118096691
"450",2.9923425566249,2.90913473199178
"451",3.0018276368192,2.89928369112831
"452",2.97529525112943,2.8901911458716
"453",3.05489191454508,2.89558866777638
"454",2.95710251352655,2.8779758127843
"455",3.00762411429014,2.90126940942714
"456",2.91180678913992,2.91167051866174
"457",3.0000724742683,2.8897328230761
"458",3.01528996713786,2.88374895756145
"459",2.96745839996658,2.86741360188971
"460",3.02114498930633,2.91137811413024
"461",3.00992929049983,2.9066756661341
"462",3.02928982418929,2.89577354881262
"463",2.97469980358804,2.88897804139201
"464",2.97088260285411,2.90516722257882
"465",2.94685405954071,2.87249579107178
"466",2.99032588975062,2.87054491701795
"467",2.95983597772937,2.87109580654308
"468",3.02064468084438,2.89277423150758
"469",3.00213841956752,2.91581419929461
"470",3.06569257077838,2.91429315692648
"471",2.96526877202096,2.88869692965404
"472",3.03545064192277,2.92836028606858
"473",2.98417894915175,2.8770848643802
"474",2.95630115966068,2.89014364354095
"475",3.0171890211148,2.88533895452688
"476",2.95699866885983,2.90318464160709
"477",2.9683444494442,2.86497614081561
"478",2.97800664367734,2.92369661734105
"479",3.00632721792754,2.92414063202042
"480",2.97003237818817,2.91955298653061
"481",3.03233550969617,2.89836016511914
"482",2.96403076852476,2.92312526845196
"483",3.00649911105554,2.90973592673505
"484",3.00429261089367,2.9191769732559
"485",2.96802749726841,2.90355584742378
"486",2.98714129767895,2.90584501762068
"487",2.98031461569686,2.85773318630693
"488",3.02878182980573,2.88923904178358
"489",3.04668157908307,2.92028051169506
"490",2.96877610698635,2.90202539282948
"491",3.02791717225621,2.87562585256904
"492",2.99773662206963,2.88083246414418
"493",2.94098413952847,2.88888405030788
"494",2.97732289072064,2.94243751823287
"495",3.0138344748152,2.89640820024878
"496",3.00435319893144,2.88710529183514
"497",2.92673066036756,2.85814832456487
"498",3.01740956056355,2.86196258324602
"499",3.0196515599546,2.92444500552643
"500",2.99086473488222,2.8829755911724
"501",2.97877295302148,2.93242405765915
"502",3.05914716043435,2.89341794396071
"503",2.99730003958057,2.8534718094512
"504",2.99957948244204,2.94385995999073
"505",2.9662962918867,2.87835040047206
"506",2.95967609629871,2.8898727806528
"507",2.95430532686814,2.90191837913666
"508",2.98734095368853,2.89759669484117
"509",3.04082773392243,2.86962664740651
"510",3.05261384536005,2.86978829874314
"511",3.04705094203058,2.92791209856461
"512",3.03890266709843,2.8858315611184
"513",2.99287211245669,2.9165587670622
"514",2.96327549592958,2.93415511674427
"515",2.9901656195958,2.88441666886257
"516",2.92762649171183,2.88586201862656
"517",2.9905862137967,2.86014194978969
"518",3.04979636113937,2.93799753065822
"519",3.00392859301823,2.88487586128255
"520",3.03287666048069,2.89244088440552
"521",3.01468022870832,2.87272090397029
"522",2.97663269113654,2.91483916318615
"523",3.05230678058788,2.93221951992028
"524",2.99764838144007,2.90454774893791
"525",2.97073338622432,2.89198968652165
"526",3.00211979474216,2.86660839200714
"527",2.9544420141353,2.92981402194604
"528",3.02591337098374,2.91382974866397
"529",3.01504705156093,2.8991804504667
"530",2.98935656011059,2.92408689705357
"531",2.98534713337226,2.92597029927141
"532",3.02808881841878,2.8907556595848
"533",2.96812774840734,2.87548452504356
"534",2.97048537384887,2.91926533508212
"535",3.0127274363106,2.91386422455922
"536",2.98646059558342,2.88997213668148
"537",3.02775254390172,2.96307942833967
"538",2.99404137570563,2.84901786209966
"539",3.03584553050701,2.89983723830342
"540",3.0148663411554,2.92277561281943
"541",2.93264542277721,2.92964692935893
"542",2.95993885918745,2.91951690017928
"543",3.03848325618533,2.90296700586566
"544",3.02072387712521,2.91577817514615
"545",2.97098811996425,2.91115162439415
"546",2.9596261894494,2.89945211213914
"547",3.03100996167947,2.882458500824
"548",2.97564670621011,2.92432486941457
"549",3.05405176435855,2.8929750037545
"550",3.05314625881138,2.89411213765253
"551",2.95635925890593,2.90506275618918
"552",2.97463037062273,2.90022995971653
"553",2.96248561022027,2.8604843207555
"554",3.02001864203713,2.89147346552277
"555",2.96127690937087,2.9122460512022
"556",2.93894989384593,2.92461628217671
"557",3.06064040983478,2.87458384383941
"558",3.03017920462837,2.88698888672993
"559",3.02451370803675,2.85113667525629
"560",2.98008035149268,2.91993097189037
"561",2.99966156306249,2.90010227056818
"562",3.01859031768629,2.91582049527675
"563",2.96156283774107,2.88873616926418
"564",2.99627216020872,2.90427652405398
"565",3.00527224963505,2.91954165328204
"566",3.05078321383418,2.89531677794728
"567",3.01926398151621,2.9169732110791
"568",3.03846699097048,2.91307941781131
"569",3.00421640920642,2.86818859947452
"570",2.96662491950458,2.90618846265828
"571",2.98980969084114,2.85028035620229
"572",2.95005706082213,2.89443121785408
"573",3.02786555285161,2.88895132481333
"574",3.04250480504147,2.9175208414558
"575",2.99811837667119,2.90586967388883
"576",2.97057292991706,2.88805555906256
"577",3.03261450753711,2.89685592793385
"578",3.00417981079682,2.90368370120557
"579",2.98841183706979,2.87973935971402
"580",3.0337075626954,2.8864031319052
"581",2.97720463027927,2.87514612771
"582",3.03446877309687,2.86929962527041
"583",2.9747257122319,2.88950919973779
"584",3.01174240021178,2.89962945229084
"585",3.02674131726956,2.86863705657682
"586",2.95994223862337,2.90935703348391
"587",3.01194370433505,2.88664342272037
"588",2.99665239591154,2.90622164719175
"589",3.02027231749927,2.90285102008337
"590",2.97634206193862,2.89251930558538
"591",2.99739040997828,2.86110147247928
"592",3.04146852023267,2.86804637371859
"593",3.00505470491424,2.84918684278042
"594",3.02469572844825,2.92724094499082
"595",2.99337316207151,2.89278667993296
"596",2.96911825035856,2.93872794621728
"597",2.99967222927459,2.87088232404937
"598",2.96325026533678,2.92963811416595
"599",2.9221166583465,2.92152239272096
"600",3.03507367775974,2.88485023197268
"601",2.96739273549068,2.91428171088865
"602",2.94521750962061,2.91162769258466
"603",3.02985845421878,2.89706552195148
"604",2.99964414655708,2.93013963554903
"605",2.98201114815745,2.8944093471351
"606",2.99466156040194,2.94055477466597
"607",2.98722055974593,2.87608519608342
"608",3.02989976329365,2.92624635783348
"609",3.02182982125505,2.88951984974458
"610",2.9482010821241,2.90708499018283
"611",3.01060195486925,2.89856651024635
"612",3.02180440997699,2.8973371138743
"613",3.0200478292793,2.89823845231261
"614",2.92727048072147,2.91835577862621
"615",2.99293927724954,2.9006287852874
"616",3.05938899962754,2.92717861164256
"617",3.02390383615919,2.90226989690198
"618",2.94872171458062,2.9034861309268
"619",2.9500899386435,2.8989303919063
"620",3.01473328656947,2.89150483931914
"621",2.99477833543283,2.904158231042
"622",3.02883871691632,2.91985845835578
"623",3.00881479985032,2.91627715776903
"624",3.00242998090528,2.91992011167667
"625",3.00550985528398,2.93465488541839
"626",3.00498765106174,2.90714084068863
"627",2.96191202801357,2.90311452669164
"628",3.07048479961858,2.93105577312525
"629",2.95763983777724,2.89871860764309
"630",2.99949115521653,2.87983562483673
"631",2.98367041942135,2.88214208952686
"632",3.05400337000066,2.8869097075756
"633",3.03034320528538,2.87132434342958
"634",2.9830885033228,2.92836368706397
"635",3.00616262386125,2.88812228669413
"636",3.03496385850596,2.92237943596084
"637",3.06708968518521,2.94768163126582
"638",3.00906795228507,2.8919342701169
"639",2.96872480193307,2.90740217116887
"640",2.97049373059513,2.88849413972531
"641",3.06017155741303,2.95838457614299
"642",2.93788285548428,2.87842170420956
"643",3.09167227106646,2.92356982658561
"644",2.99215948217738,2.91739205546358
"645",2.98636820222659,2.91862332619597
"646",3.00472681666392,2.92049362455198
"647",3.02800166183596,2.9122595011221
"648",3.00908484827503,2.91216380162957
"649",2.94131549332583,2.8821421657952
"650",3.01060610128408,2.90904071212634
"651",3.01351273541227,2.89250575385957
"652",3.01978652611604,2.95680370290076
"653",2.96905737817178,2.9146478690647
"654",2.92886931355916,2.91681037856492
"655",2.99026271076526,2.85560695765302
"656",2.97167103747271,2.87345072435856
"657",2.97702330004671,2.8804667860371
"658",2.9713866219984,2.88825848255941
"659",2.98805986650436,2.88863974369448
"660",2.99066348811229,2.91287281913452
"661",3.0238827813972,2.89525385784888
"662",3.02959285031627,2.89402843948587
"663",2.97616405012748,2.92379125118459
"664",2.99073546085454,2.85782117592284
"665",3.01084334298077,2.89853435992009
"666",3.04196373314514,2.91726805738547
"667",2.99831788741073,2.92149414922902
"668",2.94903379525338,2.89588294739568
"669",3.00695557635424,2.89132772335084
"670",2.99642727987088,2.89635552431184
"671",3.05317478560381,2.89137842654043
"672",3.01030266496331,2.89150780779136
"673",2.98130850652936,2.87292360647138
"674",2.98681433118514,2.89606810102036
"675",2.98484109631364,2.90468232273615
"676",3.00558105411472,2.88885587411962
"677",3.00529253392798,2.87773349450132
"678",3.02747544620474,2.8673872914828
"679",3.00960530178543,2.89224352237079
"680",2.98899938108636,2.93445264033271
"681",2.97178166114461,2.88882999399678
"682",3.01904108794259,2.88726678307825
"683",2.99812534553015,2.95562774267712
"684",3.00548513603075,2.86085488247213
"685",3.03310923055268,2.90285055792718
"686",3.05256106855946,2.91328997597847
"687",2.97138550619593,2.8904274501503
"688",3.04932241370461,2.92367379166244
"689",2.97399799411647,2.91610874582645
"690",3.00799056576584,2.90106635515801
"691",3.00667111484566,2.87665307169501
"692",2.99169274470323,2.90646700311735
"693",3.04182759123054,2.89358433955132
"694",2.98023264000666,2.88228099471798
"695",3.0198159384154,2.90302556343676
"696",2.9996023289957,2.91158726944091
"697",2.97205559103807,2.89841666347647
"698",3.03644067430399,2.9169753527061
"699",2.93734978903474,2.84977933025735
"700",2.98421542591762,2.91476954228755
"701",2.95375792299278,2.88858011429376
"702",3.00582963209704,2.90573078032724
"703",3.00793267648323,2.92295239711775
"704",2.96643794493871,2.90279117404146
"705",3.01952858868441,2.90177853217598
"706",2.96901299284254,2.84739681366014
"707",3.01977604498254,2.87565558335756
"708",3.00713488198883,2.914983051577
"709",3.02145827841314,2.87168134151775
"710",2.97184550882418,2.89775234676325
"711",3.00286062029034,2.90608064012086
"712",2.98611541740131,2.89291974390104
"713",2.95593353531716,2.88297515020941
"714",3.00458059516565,2.87077653849661
"715",3.05321287833952,2.90528503692428
"716",2.98055787199455,2.86185284111965
"717",2.99400547572995,2.88149537467539
"718",3.02067731198932,2.8977685741411
"719",3.0010843652951,2.88069531149135
"720",3.05830608936759,2.89674202152293
"721",3.0221164120137,2.91720368109889
"722",3.06964001799066,2.90036197549955
"723",3.01046728038882,2.90274524911673
"724",2.96598250016172,2.93197772142496
"725",3.01264005803713,2.89777398302639
"726",2.97226331229557,2.90570911747132
"727",2.96978812901642,2.86032180207867
"728",2.99431577009689,2.90061480436215
"729",3.02801750100536,2.88479990227476
"730",3.01031729998734,2.87551973564968
"731",3.02442060829391,2.92004733305063
"732",3.02746023006842,2.89956917154282
"733",2.99484443608733,2.91890642678568
"734",2.92793306659173,2.88183017567606
"735",3.02387720555192,2.85195595546246
"736",3.06507347608079,2.90325876095054
"737",3.00175150498379,2.91886417861269
"738",2.95935256651417,2.95089209720462
"739",2.98897347703338,2.91774381866987
"740",2.97196447262534,2.92120873532972
"741",2.99875082339785,2.88768504221998
"742",3.0202833601667,2.90705709762833
"743",3.02599308440417,2.89049343743383
"744",3.0070552507444,2.90844112739627
"745",2.97198089600171,2.87632881691557
"746",3.02439756501845,2.89232500833016
"747",3.0404495566539,2.87080668388614
"748",3.06755648327793,2.9009154644893
"749",2.98519042696602,2.90904912227662
"750",3.01422277797457,2.90115131740753
"751",3.03581074998342,2.88722612293703
"752",2.99650813585434,2.89522637363389
"753",3.01574575667305,2.86714194756862
"754",3.00643264443835,2.89554850858087
"755",2.99596651396389,2.86448863098532
"756",3.00505527308625,2.8996906819443
"757",3.0289419830859,2.93502093748918
"758",3.01226336742013,2.914084130111
"759",2.98600685354476,2.92962038648434
"760",2.93280651072535,2.92705775824318
"761",2.97614810444625,2.89340084328665
"762",2.99940134647969,2.90726997481027
"763",2.92456724634107,2.86344674533772
"764",3.06632856095092,2.91787555488105
"765",2.95533713310262,2.88561750131483
"766",2.96517744373142,2.91881019039653
"767",3.04373214674867,2.86257684818112
"768",2.9343037215384,2.92294005434361
"769",3.02217188043385,2.88994017810259
"770",2.98967973694372,2.92851796736664
"771",3.01367630224535,2.89961320088858
"772",3.02634330787634,2.88723852547161
"773",2.97124608231263,2.90996542000784
"774",2.97882465462754,2.89883506529619
"775",2.91009152090317,2.8874756644445
"776",2.97116843027865,2.88210758478477
"777",3.0114056476175,2.9482012042989
"778",3.01515202768746,2.88100705498856
"779",3.06081168011399,2.9111830300114
"780",3.00193881086219,2.89577170620641
"781",3.01390975945206,2.87964290396385
"782",3.00224334998081,2.87219618021545
"783",2.98539491292494,2.8702274138173
"784",3.02246732462588,2.87187910732949
"785",3.01392703742669,2.87007529035573
"786",3.0038826137518,2.91372291848204
"787",2.97553618045169,2.89526476738638
"788",2.99879548644794,2.93998284858416
"789",3.02344250933041,2.91266477365791
"790",3.02029358242388,2.93296395093816
"791",2.98552042423296,2.91005437286779
"792",2.97992659596109,2.91690934824712
"793",3.01538403965767,2.90934494791458
"794",3.0314672978686,2.89195889872607
"795",3.00363174489309,2.91847053406507
"796",2.99060121343861,2.89983888718576
"797",2.97357987809966,2.92067568475228
"798",2.98742139326183,2.88401746036547
"799",2.95551744965935,2.92008466041907
"800",2.979080454018,2.89376053287615
"801",3.03404895265975,2.88227700829275
"802",3.03335795535111,2.86155490207459
"803",2.97387667099184,2.93239401488127
"804",3.00632194755219,2.91038539809329
"805",3.00208186942123,2.89888300136332
"806",2.95012053441474,2.91392835220237
"807",3.02432519940532,2.90107031357658
"808",2.94262962611859,2.87379433005614
"809",2.96259739713615,2.85753867883804
"810",3.02994463335172,2.89583842821985
"811",2.98377381766457,2.89374426840959
"812",2.99350872627659,2.87883528580638
"813",2.95134188121474,2.90834447191133
"814",2.95647108103802,2.89369096931568
"815",3.01052729192063,2.91651098268164
"816",2.99476359213806,2.92582544075156
"817",2.98225714589352,2.88749790044167
"818",2.95997918217312,2.88249706490901
"819",2.96708104496423,2.90286713885616
"820",3.06108310828093,2.92850379266516
"821",2.99020531219876,2.86530501147939
"822",3.02322015636064,2.88325190705955
"823",3.02355019202038,2.8856849476922
"824",3.02289738241038,2.90749641916085
"825",3.00884426278695,2.94766655923939
"826",2.96242932227482,2.89072174076876
"827",2.96971488741691,2.89146999195763
"828",3.02254173583638,2.86593809571204
"829",2.96074939462252,2.8791700528794
"830",3.01582620291191,2.91537469924024
"831",2.98399381279268,2.88509359245127
"832",2.98804871957719,2.89027057008984
"833",2.97631291648515,2.89293921110323
"834",2.99309576591188,2.89875398951202
"835",3.02631554524955,2.93239230219119
"836",3.01361199532624,2.92492422812513
"837",2.9930260755683,2.94017179911479
"838",3.02610016574071,2.86291160974352
"839",3.0496801120244,2.89074571235021
"840",2.99980893213255,2.92086207666655
"841",3.01411468359323,2.89392324957256
"842",3.00834655947194,2.90636161400076
"843",2.97066291176946,2.88702501983098
"844",2.97220241573562,2.8626219131294
"845",3.05759311387864,2.87586006842709
"846",3.02643833363329,2.93794516115313
"847",3.02226245315779,2.89476828881066
"848",3.00442720212148,2.93575963432275
"849",3.01456165694977,2.91734601031155
"850",3.00455568118638,2.91405161875808
"851",3.00125996262262,2.93247064479098
"852",3.00670266935829,2.86819682581504
"853",2.96968604741987,2.88780017570955
"854",3.07203666305914,2.89373437732529
"855",3.02405885370813,2.88155740463827
"856",2.99246376123133,2.89487038784087
"857",3.03638668112488,2.85834290725532
"858",2.98118225741985,2.87165692041326
"859",3.05133475522428,2.9122156201941
"860",2.98816879340932,2.90483041595829
"861",2.93035527430644,2.92607929645051
"862",3.04092357586199,2.89330942844301
"863",3.03396687398186,2.89230920209023
"864",2.97677051041924,2.89157663576037
"865",2.95768875102019,2.88083289534171
"866",2.9449641725791,2.90498232616886
"867",2.99192959386209,2.87642241260012
"868",2.94498214268161,2.90991186566291
"869",2.97556595943675,2.89644591387748
"870",3.00490716367136,2.91549467871439
"871",3.02566557666151,2.92495892752986
"872",2.97540110619361,2.89167566485005
"873",2.99629191720073,2.89140564128652
"874",3.00764844708124,2.89906949550681
"875",3.05156779014712,2.88682816918811
"876",2.97124369417419,2.93205168153534
"877",2.95187069214719,2.8987265590249
"878",2.94463171734868,2.91737655268229
"879",3.01667211555869,2.90756750961051
"880",2.99819642425949,2.92831376337405
"881",3.02316258913179,2.89581946486842
"882",2.99577481838528,2.84643910815301
"883",3.01179281776543,2.91218360941912
"884",3.00672655722478,2.87932719645635
"885",3.00070625955506,2.90994782992835
"886",2.98131112020706,2.88052215326934
"887",3.03786028141879,2.89811056184332
"888",2.98782677871673,2.88892046612091
"889",3.02000291314327,2.89508480848386
"890",3.0049391746359,2.88690428782386
"891",3.05344573424362,2.88032389514572
"892",3.02133641892972,2.90392814921344
"893",2.98986926532413,2.87566947375531
"894",2.99972553143198,2.89429914271161
"895",2.9962407237476,2.8939930787037
"896",2.93727461709083,2.88722758998765
"897",3.05092181684462,2.93485695792138
"898",3.03191643463463,2.86261198808691
"899",2.97700150091324,2.90062368983798
"900",3.01146022677511,2.87581771740888
"901",3.00725687710821,2.87317898104124
"902",2.96601721766843,2.89908585547135
"903",3.0446972224096,2.9437598223139
"904",2.99255258685093,2.92844191591051
"905",3.0055075112383,2.90366494042953
"906",3.01214613028319,2.88694134323238
"907",2.97017626592072,2.94085118632208
"908",2.96743712011298,2.89531017610319
"909",2.99854372336411,2.88217150466827
"910",3.01728256801537,2.87285059388956
"911",3.00221491595534,2.88831944023891
"912",3.02117836713907,2.93336190233926
"913",3.01004940310174,2.92171486711701
"914",3.01636163417774,2.91115056657237
"915",2.95791282282176,2.8672633436268
"916",3.02031161672832,2.89456923940736
"917",2.97630598661571,2.92183597107818
"918",2.98602813331698,2.89372493479574
"919",2.99685443804296,2.88635952205595
"920",2.95056446738084,2.90104161372974
"921",2.99701389144086,2.88581407064321
"922",2.9868042708947,2.89290583371307
"923",2.97844465644185,2.94790066683592
"924",2.98336207210995,2.91102019873645
"925",3.03736467530254,2.92497571790324
"926",2.96223235947117,2.90098940304892
"927",2.99353846555716,2.89088902369459
"928",2.92584114869642,2.91315778804055
"929",2.97977492039682,2.8702906517523
"930",2.9849610844371,2.92938369097903
"931",3.04626977363856,2.89556477667792
"932",2.9711394580429,2.83955393572689
"933",2.97383461390676,2.88261808920828
"934",2.95807111146287,2.8917221689013
"935",3.00539415500449,2.93978436529911
"936",3.03462275963362,2.89842020464978
"937",2.9640439916974,2.87032342106347
"938",2.98722826795578,2.89426257897372
"939",3.04098925826543,2.88197952461966
"940",2.97947107816024,2.86851965775208
"941",3.02056536625129,2.88663370136953
"942",3.01168510628441,2.86287670971843
"943",2.96083812228584,2.95367845836056
"944",3.03650664033303,2.90556493471174
"945",3.02385522054817,2.91250139233364
"946",2.98535392471723,2.87697134995829
"947",2.9728801963611,2.9259133461485
"948",2.98828744745739,2.91044256946778
"949",3.02442190245436,2.88122746999167
"950",2.9830725215945,2.89784524275453
"951",2.94377384043692,2.89200736983317
"952",2.99571285867237,2.92573402725456
"953",3.02315712029227,2.89672701800658
"954",2.96522646209497,2.92170459673815
"955",2.99286253416989,2.91459663890549
"956",2.96333420021933,2.89401648812074
"957",3.00350418638777,2.89900162772254
"958",2.99602501115959,2.88275179388751
"959",2.99898945671887,2.89004003802099
"960",2.98133020745318,2.87208163565847
"961",2.97871909615341,2.89151245581784
"962",3.02614336243226,2.89270225339081
"963",3.00315414057112,2.8956383860353
"964",2.99439194197278,2.94998703575799
"965",2.90360434402738,2.90290347779669
"966",2.96173143890508,2.87044393113508
"967",3.02288718953659,2.91858486973593
"968",2.98779554569672,2.89423958689471
"969",2.96375046648358,2.92818744912227
"970",2.98682032029365,2.9010753600244
"971",2.98873257762171,2.93213535556707
"972",2.9849567281456,2.89965545752815
"973",3.01489837727336,2.88914721898881
"974",3.04562642814687,2.9395738531948
"975",3.02964275483434,2.87267774709537
"976",3.03738367601913,2.90849792722941
"977",2.99010398017505,2.8804738195704
"978",3.02533034141967,2.92385943367765
"979",2.97056772734261,2.90881919260489
"980",2.99582335784648,2.8914180488102
"981",3.0655631371942,2.89244671467797
"982",2.99961515970364,2.91777400115529
"983",2.99084073222088,2.87869987777711
"984",2.98247359618043,2.88445457605311
"985",3.02313805505618,2.90815725268208
"986",3.06318568085285,2.91500543346963
"987",3.01236471110541,2.86569993654851
"988",2.99216205365718,2.90384509373736
"989",3.06221350938011,2.87676533524178
"990",2.97663509329677,2.8871634267106
"991",3.03394597539843,2.92624878374751
"992",2.98735964615749,2.92003080188816
"993",2.96934757889941,2.89612944319948
"994",3.0365491613624,2.88133646360285
"995",2.94600717975314,2.90620658890114
"996",2.99075250184948,2.93166643427173
"997",3.00046545730046,2.91812298349753
"998",2.98673046843999,2.90802285661913
"999",2.95085976801356,2.90151394883058
"1000",2.98075796531451,2.92118978336245
